Tháng,Ngày,Thứ,Giờ học,Nội dung học,Bài tập về nhà,Đánh giá,Tổng buổi/tháng
Tháng 10,05/10/2026,Thứ 2,19h30 - 21h30,Chuyên đề 1: Este - Khái niệm & Tính chất hóa học,,,8 buổi
Tháng 10,10/10/2026,Thứ 7,17h00 - 19h00,Chuyên đề 1: Bài tập Este cơ bản & Nâng cao,,,
Tháng 10,12/10/2026,Thứ 2,19h30 - 21h30,Chuyên đề 1: Lipit - Chất béo,,,
Tháng 10,17/10/2026,Thứ 7,17h00 - 19h00,Chuyên đề 1: Tổng ôn Este - Lipit và Kiểm tra nhỏ,,,
Tháng 10,19/10/2026,Thứ 2,19h30 - 21h30,Chuyên đề 2: Cacbohidrat - Glucozơ & Fructozơ,,,
Tháng 10,24/10/2026,Thứ 7,17h00 - 19h00,Chuyên đề 2: Saccarozơ & Tinh bột - Xenlulozơ,,,
Tháng 10,26/10/2026,Thứ 2,19h30 - 21h30,Chuyên đề 2: Bài tập tổng hợp Cacbohidrat,,,
Tháng 10,31/10/2026,Thứ 7,17h00 - 19h00,Chuyên đề 3: Amin - Khái niệm và Tính chất,,,
Tháng 11,02/11/2026,Thứ 2,19h30 - 21h30,Chuyên đề 3: Amino Axit - Tính chất lưỡng tính,,,9 buổi
Tháng 11,07/11/2026,Thứ 7,17h00 - 19h00,Chuyên đề 3: Peptit & Protein,,,
Tháng 11,09/11/2026,Thứ 2,19h30 - 21h30,Chuyên đề 3: Bài tập tổng hợp Amin - Amino Axit,,,
Tháng 11,14/11/2026,Thứ 7,17h00 - 19h00,Chuyên đề 4: Polime - Vật liệu Polime,,,
Tháng 11,16/11/2026,Thứ 2,19h30 - 21h30,Ôn tập giữa học kỳ 1,,,
Tháng 11,21/11/2026,Thứ 7,17h00 - 19h00,Chữa đề thi thử giữa học kỳ 1,,,
Tháng 11,23/11/2026,Thứ 2,19h30 - 21h30,Chuyên đề 5: Đại cương kim loại - Vị trí & Cấu tạo,,,
Tháng 11,28/11/2026,Thứ 7,17h00 - 19h00,Chuyên đề 5: Tính chất hóa học của kim loại,,,
Tháng 11,30/11/2026,Thứ 2,19h30 - 21h30,Chuyên đề 5: Luyện tập chuỗi phản ứng kim loại,,,
